{
  "name": "Kettlebell Hang Clean",
  "force": "pull",
  "level": "intermediate",
  "mechanic": "compound",
  "equipment": "kettlebells",
  "primaryMuscles": ["hamstrings"],
  "secondaryMuscles": ["calves", "glutes", "lower back", "shoulders", "traps"],
  "instructions": [
    "Place kettlebell between your feet. To get in the starting position, push your butt back and look straight ahead.",
    "Clean kettlebell to your shoulder. Clean the kettlebell to your shoulders by extending through the legs and hips as you raise the kettlebell towards your shoulder. The wrist should rotate as you do so.",
    "Lower kettlebell to a hanging position between your legs while keeping the hamstrings loaded. Keep your head up at all times."
  ],
  "category": "strength"
}
