{
  "name": "Glute Ham Raise",
  "force": "pull",
  "level": "intermediate",
  "mechanic": "compound",
  "equipment": "machine",
  "primaryMuscles": ["hamstrings"],
  "secondaryMuscles": ["calves", "glutes"],
  "instructions": [
    "Begin by adjusting the equipment to fit your body. Place your feet against the footplate in between the rollers as you lie facedown. Your knees should be just behind the pad.",
    "Start from the bottom of the movement. Keep your back arched as you begin the movement by flexing the knees. Drive your toes into the foot plate as you do so. Keep your upper body straight, and continue until your body is upright.",
    "Return to the starting position, keeping your descent under control."
  ],
  "category": "powerlifting"
}
