{
  "name": "Knee/Hip Raise On Parallel Bars",
  "force": "pull",
  "level": "beginner",
  "mechanic": "isolation",
  "equipment": "other",
  "primaryMuscles": [
    "abdominals"
  ],
  "secondaryMuscles": [],
  "instructions": [
    "Position your body on the vertical leg raise bench so that your forearms are resting on the pads next to the torso and holding on to the handles. Your arms will be bent at a 90 degree angle.",
    "The torso should be straight with the lower back pressed against the pad of the machine and the legs extended pointing towards the floor. This will be your starting position.",
    "Now as you breathe out, lift your legs up as you keep them extended. Continue this movement until your legs are roughly parallel to the floor and then hold the contraction for a second. Tip: Do not use any momentum or swinging as you perform this exercise.",
    "Slowly go back to the starting position as you breathe in.",
    "Repeat for the recommended amount of repetitions."
  ],
  "category": "strength"
}