{
  "name": "Bottoms-Up Clean From The Hang Position",
  "force": "pull",
  "level": "intermediate",
  "mechanic": "compound",
  "equipment": "kettlebells",
  "primaryMuscles": [
    "forearms"
  ],
  "secondaryMuscles": [
    "biceps",
    "shoulders"
  ],
  "instructions": [
    "Initiate the exercise by standing upright with a kettlebell in one hand.",
    "Swing the kettlebell back forcefully and then reverse the motion forcefully. Crush the kettlebell handle as hard as possible and raise the kettlebell to your shoulder."
  ],
  "category": "strength"
}