{
  "name": "Linear Acceleration Wall Drill",
  "force": null,
  "level": "beginner",
  "mechanic": "compound",
  "equipment": null,
  "primaryMuscles": [
    "hamstrings"
  ],
  "secondaryMuscles": [
    "calves",
    "glutes",
    "quadriceps"
  ],
  "instructions": [
    "Lean at around 45 degrees against a wall. Your feet should be together, glutes contracted.",
    "Begin by lifting your right knee quickly, pausing, and then driving it straight down into the ground.",
    "Switch legs, raising the opposite knee, and then attacking the ground straight down.",
    "Repeat once more with your right leg, and as soon as the right foot strikes the ground hammer them out rapidly, alternating left and right as fast as you can."
  ],
  "category": "plyometrics"
}