{
  "name": "Decline Push-Up",
  "force": "push",
  "level": "beginner",
  "mechanic": "compound",
  "equipment": null,
  "primaryMuscles": [
    "chest"
  ],
  "secondaryMuscles": [
    "shoulders",
    "triceps"
  ],
  "instructions": [
    "Lie on the floor face down and place your hands about 36 inches apart while holding your torso up at arms length. Move your feet up to a box or bench. This will be your starting position.",
    "Next, lower yourself downward until your chest almost touches the floor as you inhale.",
    "Now breathe out and press your upper body back up to the starting position while squeezing your chest.",
    "After a brief pause at the top contracted position, you can begin to lower yourself downward again for as many repetitions as needed."
  ],
  "category": "strength"
}