{
  "name": "Bottoms Up",
  "force": "pull",
  "level": "beginner",
  "mechanic": "compound",
  "equipment": "body only",
  "primaryMuscles": ["abdominals"],
  "secondaryMuscles": [],
  "instructions": [
    "Begin by lying on your back on the ground. Your legs should be straight and your arms at your side. This will be your starting position.",
    "To perform the movement, tuck the knees toward your chest by flexing the hips and knees. Following this, extend your legs directly above you so that they are perpendicular to the ground. Rotate and elevate your pelvis to raise your glutes from the floor.",
    "After a brief pause, return to the starting position."
  ],
  "category": "strength"
}
