{
  "name": "Dumbbell Incline Shoulder Raise",
  "force": "push",
  "level": "beginner",
  "mechanic": "isolation",
  "equipment": "dumbbell",
  "primaryMuscles": [
    "shoulders"
  ],
  "secondaryMuscles": [
    "triceps"
  ],
  "instructions": [
    "Sit on an Incline Bench while holding a dumbbell on each hand on top of your thighs.",
    "Lift your legs up to kick the weights to your shoulders and lean back. Position the dumbbells above your shoulders with your arms extended. The arms should be perpendicular to the floor with your palms facing forward and knuckles pointing towards the ceiling. This will be your starting position.",
    "While keeping the arms straight and locked, lift the dumbbells by raising the shoulders from the bench as you breathe out.",
    "Bring back the dumbbells to the starting position as you breathe in.",
    "Repeat for the recommended amount of repetitions."
  ],
  "category": "strength"
}