{
  "name": "Hurdle Hops",
  "force": "push",
  "level": "beginner",
  "mechanic": "compound",
  "equipment": "other",
  "primaryMuscles": [
    "hamstrings"
  ],
  "secondaryMuscles": [
    "abductors",
    "adductors",
    "calves",
    "glutes",
    "hamstrings"
  ],
  "instructions": [
    "Set up a row of hurdles or other small barriers, placing them a few feet apart.",
    "Stand in front of the first hurdle with your feet shoulder width apart. This will be your starting position.",
    "Begin by jumping with both feet over the first hurdle, swinging both arms as you jump.",
    "Absorb the impact of landing by bending the knees, rebounding out of the first leap by jumping over the next hurdle. Continue until you have jumped over all of the hurdles."
  ],
  "category": "plyometrics"
}