{
  "name": "Calf-Machine Shoulder Shrug",
  "force": "pull",
  "level": "beginner",
  "mechanic": "isolation",
  "equipment": "machine",
  "primaryMuscles": [
    "traps"
  ],
  "secondaryMuscles": [],
  "instructions": [
    "Position yourself on the calf machine so that the shoulder pads are above your shoulders. Your torso should be straight with the arms extended normally by your side. This will be your starting position.",
    "Raise your shoulders up towards your ears as you exhale and hold the contraction for a full second.",
    "Slowly return to the starting position as you inhale.",
    "Repeat for the recommended amount of repetitions."
  ],
  "category": "strength"
}