{
  "name": "Kettlebell Arnold Press",
  "force": "push",
  "level": "intermediate",
  "mechanic": "compound",
  "equipment": "kettlebells",
  "primaryMuscles": ["shoulders"],
  "secondaryMuscles": ["triceps"],
  "instructions": [
    "Clean a kettlebell to your shoulder. Clean the kettlebell to your shoulder by extending through the legs and hips as you raise the kettlebell towards your shoulder. The palm should be facing inward.",
    "Looking straight ahead, press the kettlebell out and overhead, rotating your wrist so that your palm faces forward at the top of the motion.",
    "Return the kettlebell to the starting position, with the palm facing in."
  ],
  "category": "strength"
}
