{
  "name": "Fast Skipping",
  "force": "push",
  "level": "beginner",
  "mechanic": "compound",
  "equipment": "body only",
  "primaryMuscles": ["quadriceps"],
  "secondaryMuscles": [
    "abductors",
    "adductors",
    "calves",
    "glutes",
    "hamstrings"
  ],
  "instructions": [
    "Start in a relaxed position with one leg slightly forward. This will be your starting position.",
    "Skip by executing a step-hop pattern of right-right-step to left-left-step, and so on, alternating back and forth.",
    "Perform fast skips by maintaining close contact with the ground and reduce air time, moving as quickly as possible."
  ],
  "category": "plyometrics"
}
