{
  "name": "Double Kettlebell Alternating Hang Clean",
  "force": "pull",
  "level": "intermediate",
  "mechanic": "compound",
  "equipment": "kettlebells",
  "primaryMuscles": [
    "hamstrings"
  ],
  "secondaryMuscles": [
    "biceps",
    "calves",
    "forearms",
    "glutes",
    "lower back",
    "quadriceps",
    "traps"
  ],
  "instructions": [
    "Place two kettlebells between your feet. To get in the starting position, push your butt back and look straight ahead.",
    "Clean one kettlebell to your shoulder and hold on to the other kettlebell.",
    "With a fluid motion, lower the top kettlebell while driving the bottom kettlebell up."
  ],
  "category": "strength"
}